ppu,quantity,ppu_l,quantity_l
30.0,53,3.4011973816621555,3.970291913552122
35.0,45,3.5553480614894135,3.8066624897703196
40.0,25,3.6888794541139363,3.2188758248682006
45.0,26,3.8066624897703196,3.258096538021482
50.0,25,3.912023005428146,3.2188758248682006
